{"cameraMode":{"drawMode":0,"name":"Shaded","section":"Shading Mode"},"sceneLighting":true,"audioPlay":false,"sceneViewState":{"showFog":true,"showMaterialUpdate":false,"showSkybox":true,"showFlares":true,"showImageEffects":true,"showParticleSystems":true},"in2DMode":false,"pivot":{"x":13.833986282348633,"y":-0.31011295318603518,"z":21.533721923828126},"rotation":{"x":-0.14095494151115418,"y":-0.23173993825912476,"z":0.0339609757065773,"w":-0.9619196653366089},"size":44.21015167236328,"orthographic":false}